,episodes,reward
0,0,2799.875
1,1,3566.25
2,2,3674.875
3,3,4666.375
4,4,4193.125
5,5,3649.625
6,6,3746.0
7,7,4238.875
8,8,4016.5
9,9,4062.5
10,10,4319.5
11,11,4994.0
12,12,4745.0
13,13,5083.75
14,14,4866.375
15,15,4943.0
16,16,5136.0
17,17,4505.0
18,18,4509.5
19,19,4674.5
20,20,4869.0
21,21,4629.0
22,22,5285.0
23,23,4962.0
24,24,4826.0
25,25,5322.0
26,26,4974.0
27,27,5178.5
28,28,5459.5
29,29,5453.5
30,30,5443.0
31,31,5188.0
32,32,5572.5
33,33,5313.0
34,34,5380.5
35,35,5357.5
36,36,5301.5
37,37,5201.0
38,38,4772.5
39,39,4939.5
40,40,5482.875
41,41,5370.5
42,42,5575.5
43,43,5480.625
44,44,4729.0
45,45,4671.5
46,46,4629.0
47,47,4970.5
48,48,4827.5
49,49,5054.5
50,50,5346.5
51,51,4899.5
52,52,5051.0
53,53,5108.0
54,54,5512.0
55,55,5093.5
56,56,5110.0
57,57,5485.5
58,58,5421.5
59,59,5554.0
60,60,3984.125
61,61,3952.25
62,62,5697.875
63,63,4877.5
64,64,5188.0
65,65,4429.5
66,66,5067.0
67,67,4906.5
68,68,5012.5
69,69,4910.5
70,70,4811.5
71,71,4828.0
72,72,5016.25
73,73,6372.25
74,74,5051.125
75,75,3018.375
76,76,2694.5
77,77,3172.75
78,78,3648.0
79,79,4403.125
80,80,4616.5
81,81,4008.375
82,82,4800.625
83,83,4912.125
84,84,5149.125
85,85,5202.875
86,86,4189.625
87,87,5071.125
88,88,5348.5
89,89,5396.625
90,90,4593.375
91,91,5044.0
92,92,5408.875
93,93,5205.0
94,94,4841.5
95,95,5463.0
96,96,4577.0
97,97,4794.0
98,98,4899.0
99,99,4860.0
100,100,4905.5
101,101,5243.5
102,102,4869.0
103,103,4888.0
104,104,5030.0
105,105,5273.0
106,106,5120.0
107,107,5061.0
108,108,5316.0
109,109,5282.5
110,110,4942.0
111,111,5084.0
112,112,5159.5
113,113,5266.5
114,114,5292.0
115,115,4886.0
116,116,5274.5
117,117,5279.0
118,118,5281.0
119,119,5234.0
120,120,4991.5
121,121,5129.5
122,122,5263.0
123,123,5095.5
124,124,4986.0
125,125,5168.0
126,126,5086.0
127,127,5093.0
128,128,5572.5
129,129,4859.0
130,130,5458.5
131,131,5155.0
132,132,5040.0
133,133,5199.0
134,134,4946.5
135,135,5526.5
136,136,5255.0
137,137,4924.5
138,138,5334.5
139,139,5421.5
140,140,5099.0
141,141,5113.5
142,142,5036.0
143,143,5341.5
144,144,5355.0
145,145,5582.5
146,146,5117.5
147,147,5544.0
148,148,5507.0
149,149,5132.5
150,150,5539.0
151,151,4941.5
152,152,5177.5
153,153,5256.5
154,154,5038.0
155,155,5247.5
156,156,4982.5
157,157,5390.5
158,158,5328.0
159,159,4994.0
160,160,5267.0
161,161,5191.0
162,162,5011.0
163,163,5279.0
164,164,5201.0
165,165,5112.0
166,166,5583.5
167,167,5461.0
168,168,5196.5
169,169,5591.5
170,170,4825.5
171,171,5279.5
172,172,5265.0
173,173,5211.0
174,174,5118.0
175,175,5043.0
176,176,5183.0
177,177,5246.5
178,178,5084.0
179,179,5010.0
180,180,5150.0
181,181,5585.0
182,182,5269.0
183,183,5153.5
184,184,5279.0
185,185,5303.5
186,186,5208.5
187,187,5250.5
188,188,4882.0
189,189,4901.0
190,190,4819.0
191,191,5566.5
192,192,5262.5
193,193,5259.0
194,194,4845.5
195,195,5069.0
196,196,5834.5
197,197,4952.5
198,198,5544.0
199,199,5199.5
200,200,5479.5
201,201,5211.5
202,202,5139.0
203,203,5310.0
204,204,4994.5
205,205,4871.5
206,206,5508.125
207,207,5434.0
208,208,5195.5
209,209,5223.5
210,210,5256.5
211,211,5248.5
212,212,5629.5
213,213,5095.0
214,214,5202.5
215,215,4835.0
216,216,5200.5
217,217,4755.5
218,218,5496.0
219,219,5134.0
220,220,5070.0
221,221,4864.5
222,222,5580.0
223,223,5520.5
224,224,5410.0
225,225,4890.0
226,226,4911.5
227,227,5358.0
228,228,5168.5
229,229,5216.0
230,230,5171.0
231,231,5545.0
232,232,5018.0
233,233,5459.0
234,234,5243.0
235,235,5528.5
236,236,5239.5
237,237,5273.0
238,238,5191.0
239,239,4871.5
240,240,4837.0
241,241,5056.5
242,242,4961.0
243,243,4971.5
244,244,5197.5
245,245,5392.5
246,246,5368.0
247,247,5266.5
248,248,5071.0
249,249,4950.5
250,250,5526.5
251,251,5414.0
252,252,5063.0
253,253,5281.0
254,254,5292.0
255,255,5222.0
256,256,4885.0
257,257,5159.0
258,258,4938.0
259,259,5210.5
260,260,5073.5
261,261,4983.5
262,262,5230.0
263,263,5565.0
264,264,5467.0
265,265,5077.5
266,266,5299.0
267,267,5161.0
268,268,5037.0
269,269,5626.5
270,270,5735.0
271,271,4848.0
272,272,5467.5
273,273,5136.5
274,274,5369.5
275,275,5530.0
276,276,4987.0
277,277,4853.0
278,278,5179.0
279,279,5376.0
280,280,5006.0
281,281,5077.5
282,282,5278.0
283,283,4932.5
284,284,5429.5
285,285,5491.0
286,286,5075.0
287,287,5555.5
288,288,4975.5
289,289,5046.5
290,290,5311.5
291,291,5259.5
292,292,5150.0
293,293,5136.0
294,294,5565.0
295,295,5198.0
296,296,5526.0
297,297,5415.0
298,298,4960.0
299,299,5526.0
300,300,5265.0
301,301,5082.5
302,302,5066.0
303,303,5006.5
304,304,5136.5
305,305,5395.5
306,306,5201.0
307,307,5514.0
308,308,5264.0
309,309,5138.0
310,310,4997.0
311,311,5183.5
312,312,5062.5
313,313,5490.5
314,314,5768.5
315,315,5366.5
316,316,5482.5
317,317,5089.5
318,318,4981.0
319,319,5197.5
320,320,5256.5
321,321,4971.5
322,322,5136.5
323,323,5362.0
324,324,5495.0
325,325,5561.0
326,326,5237.0
327,327,5045.5
328,328,5342.5
329,329,4979.5
330,330,5273.0
331,331,5385.0
332,332,5211.5
333,333,4944.5
334,334,5446.0
335,335,5208.5
336,336,5134.5
337,337,5132.5
338,338,5152.5
339,339,5418.0
340,340,5434.5
341,341,5079.5
342,342,5531.5
343,343,5242.0
344,344,5013.0
345,345,5148.0
346,346,5311.5
347,347,5502.0
348,348,5224.5
349,349,5298.0
350,350,5220.0
351,351,5511.5
352,352,5319.0
353,353,5435.0
354,354,5540.5
355,355,5294.5
356,356,5321.0
357,357,5156.0
358,358,5292.0
359,359,5421.0
360,360,5222.0
361,361,5068.5
362,362,5274.5
363,363,5261.5
364,364,5043.5
365,365,5301.5
366,366,4989.5
367,367,5491.5
368,368,5234.5
369,369,5204.5
370,370,5400.5
371,371,5219.0
372,372,5432.5
373,373,5067.0
374,374,4949.0
375,375,5010.0
376,376,5144.5
377,377,5316.0
378,378,5363.0
379,379,5503.5
380,380,5168.0
381,381,5536.5
382,382,5294.0
383,383,5425.5
384,384,5490.0
385,385,4909.5
386,386,5067.5
387,387,5291.0
388,388,5410.5
389,389,5016.0
390,390,5158.0
391,391,5044.5
392,392,4985.0
393,393,5341.5
394,394,5060.0
395,395,5484.0
396,396,5148.5
397,397,4982.5
398,398,5518.5
399,399,5236.5
400,400,5109.0
401,401,5192.5
402,402,5021.5
403,403,5266.5
404,404,4967.5
405,405,5173.5
406,406,5322.5
407,407,5178.5
408,408,5439.5
409,409,5123.5
410,410,5195.0
411,411,5166.5
412,412,5365.0
413,413,5348.0
414,414,5270.0
415,415,5288.0
416,416,5007.5
417,417,5237.0
418,418,5102.0
419,419,5373.5
420,420,4993.5
421,421,5443.0
422,422,4959.0
423,423,5197.0
424,424,5008.0
425,425,5221.5
426,426,5109.0
427,427,5351.5
428,428,5316.5
429,429,5476.0
430,430,5054.5
431,431,5277.0
432,432,5406.0
433,433,5283.0
434,434,5471.0
435,435,5232.0
436,436,5307.5
437,437,5424.5
438,438,4985.0
439,439,5117.0
440,440,5396.5
441,441,5398.0
442,442,5167.5
443,443,5193.5
444,444,5089.0
445,445,5171.0
446,446,5588.5
447,447,4985.5
448,448,5143.0
449,449,5381.5
450,450,5499.5
451,451,5615.5
452,452,4987.0
453,453,5292.5
454,454,5795.0
455,455,5443.5
456,456,5339.0
457,457,5384.5
458,458,5073.0
459,459,4947.5
460,460,5087.5
461,461,5418.5
462,462,5209.5
463,463,5134.5
464,464,5321.5
465,465,5159.0
466,466,5586.5
467,467,5461.5
468,468,5628.5
469,469,5256.0
470,470,5388.5
471,471,5343.0
472,472,5156.5
473,473,5150.5
474,474,5023.5
475,475,5332.0
476,476,5629.0
477,477,5238.5
478,478,5434.0
479,479,5246.5
480,480,5531.0
481,481,5181.0
482,482,5523.0
483,483,5151.5
484,484,5208.5
485,485,5530.0
486,486,4860.0
487,487,4953.0
488,488,5346.0
489,489,5049.5
490,490,5067.0
491,491,5020.0
492,492,5207.0
493,493,5133.0
494,494,5104.5
495,495,4937.0
496,496,4927.0
497,497,4965.0
498,498,5116.5
499,499,5315.0
